{"cameraMode":{"drawMode":0,"name":"Shaded","section":"Shading Mode"},"sceneLighting":true,"audioPlay":false,"sceneViewState":{"m_AlwaysRefresh":false,"showFog":true,"showSkybox":true,"showFlares":true,"showImageEffects":true,"showParticleSystems":true,"showVisualEffectGraphs":true,"m_FxEnabled":true},"in2DMode":false,"pivot":{"x":510.4019775390625,"y":213.36941528320313,"z":526.278076171875},"rotation":{"x":-0.025806788355112077,"y":0.0005973726511001587,"z":-0.000015382738638436422,"w":-0.9996679425239563},"size":782.8635864257813,"orthographic":false}